{
  "feature_names": [
    "deltaYaw",
    "deltaPitch",
    "aimError",
    "gcdResY",
    "gcdResP",
    "angVel",
    "angAccel",
    "jerk",
    "atkIntervalMs",
    "cps",
    "attackerYaw",
    "attackerPitch",
    "targetYaw",
    "targetPitch",
    "yawError",
    "pitchError",
    "distanceToTarget",
    "movementAngle",
    "sprinting",
    "blocking"
  ],
  "mean": [
    0.10851772129535675,
    0.19293414056301117,
    21.373611450195312,
    1.421461320205708e-06,
    5.143803605278663e-08,
    0.10851772129535675,
    0.0,
    0.0,
    0.059457965195178986,
    59.04314041137695,
    -145.58831787109375,
    11.183073043823242,
    42.911338806152344,
    12.453428268432617,
    5.8966546058654785,
    14.55864143371582,
    2.577288866043091,
    64.16227722167969,
    0.5495021939277649,
    0.0
  ],
  "std": [
    0.7829485535621643,
    1.1060240268707275,
    17.911300659179688,
    8.393766620429233e-06,
    3.99282669150125e-07,
    0.7829485535621643,
    1.0,
    1.0,
    0.23765018582344055,
    235.56185913085938,
    164.9925994873047,
    21.600059509277344,
    94.03067016601562,
    26.92085838317871,
    19.143695831298828,
    12.823604583740234,
    0.9181304574012756,
    63.99529266357422,
    0.4975370466709137,
    1.0
  ]
}